3131;ADD. COCA;12119;ADD. COCA; ; ; ;11;SS ALCOOL;17;SODAS;2;TVA 10%;2;TVA 10%;96;27;ADD-> SODAS; ;; ;;
3132;ADD. ORANGE;12122;ADD. ORANGE; ; ; ;11;SS ALCOOL;17;SODAS;2;TVA 10%;2;TVA 10%;96;27;ADD-> SODAS; ;; ;;
3133;ADD. PERRIER;12124;ADD. PERRIER; ; ; ;11;SS ALCOOL;17;SODAS;2;TVA 10%;2;TVA 10%;96;27;ADD-> SODAS; ;; ;;
3134;ADD. ANANAS;12118;ADD. ANANAS; ; ; ;11;SS ALCOOL;17;SODAS;2;TVA 10%;2;TVA 10%;96;27;ADD-> SODAS; ;; ;;
3135;ADD. SCHWEPPES;12125;ADD. SCHWEPPES; ; ; ;11;SS ALCOOL;17;SODAS;2;TVA 10%;2;TVA 10%;96;27;ADD-> SODAS; ;; ;;
3136;ADD. TONIC;12126;ADD. TONIC//; ; ; ;11;SS ALCOOL;17;SODAS;2;TVA 10%;2;TVA 10%;96;27;ADD-> SODAS; ;; ;;
3137;ADD. GINI;12120;ADD. GINI; ; ; ;11;SS ALCOOL;17;SODAS;2;TVA 10%;2;TVA 10%;96;27;ADD-> SODAS; ;; ;;
3138;ADD. LIMONADE;12121;ADD. LIMONADE; ; ; ;11;SS ALCOOL;17;SODAS;2;TVA 10%;2;TVA 10%;96;27;ADD-> SODAS; ;; ;;
3139;ADD. PAMPLEMOUSSE;12123;ADD. PAMPLEMOUSSE; ; ; ;11;SS ALCOOL;17;SODAS;2;TVA 10%;2;TVA 10%;96;27;ADD-> SODAS; ;; ;;
3140;ADD. ABRICOT;12117;ADD. ABRICOT; ; ; ;11;SS ALCOOL;17;SODAS;2;TVA 10%;2;TVA 10%;96;27;ADD-> SODAS; ;; ;;
3622;AVEC FRITES;12156;AVEC FRITES; ; ; ; ; ; ; ;2;TVA 10%;2;TVA 10%;66;37;CHANT GARNITURE ^^^^; ;; ;;
3623;AVEC SALADE;12165;AVEC SALADE; ; ; ; ; ; ; ;2;TVA 10%;2;TVA 10%;66;37;CHANT GARNITURE ^^^^; ;; ;;
3624;AVEC LEGUMES;12160;AVEC LEGUMES; ; ; ; ; ; ; ;2;TVA 10%;2;TVA 10%;66;37;CHANT GARNITURE ^^^^; ;; ;;
3625;AVEC RIZ;12164;AVEC RIZ; ; ; ; ; ; ; ;2;TVA 10%;2;TVA 10%;66;37;CHANT GARNITURE ^^^^; ;; ;;
3626;AVEC PATES;12162;AVEC PATES; ; ; ; ; ; ; ;2;TVA 10%;2;TVA 10%;66;37;CHANT GARNITURE ^^^^; ;; ;;
3627;AVEC P.D.T;12161;AVEC P.D.T; ; ; ; ; ; ; ;2;TVA 10%;2;TVA 10%;66;37;CHANT GARNITURE ^^^^; ;; ;;
3628;AVEC PUREE;12163;AVEC PUREE; ; ; ; ; ; ; ;2;TVA 10%;2;TVA 10%;66;37;CHANT GARNITURE ^^^^; ;; ;;
3629;AVEC GRATIN;12158;AVEC GRATIN; ; ; ; ; ; ; ;2;TVA 10%;2;TVA 10%;66;37;CHANT GARNITURE ^^^^; ;; ;;
3630;AVEC HARICOT;12159;AVEC HARICOT; ; ; ; ; ; ; ;2;TVA 10%;2;TVA 10%;66;37;CHANT GARNITURE ^^^^; ;; ;;
3633;AVEC FRITE/SALADE;12155;AVEC FRITE/SALADE; ; ; ; ; ; ; ;2;TVA 10%;2;TVA 10%;66;37;CHANT GARNITURE ^^^^; ;; ;;
3634;AVEC FRITE/LEGUME;12154;AVEC FRITE/LEGUME; ; ; ; ; ; ; ;2;TVA 10%;2;TVA 10%;66;37;CHANT GARNITURE ^^^^; ;; ;;
3635;AVEC SALADE/LEGUME;12166;AVEC SALADE/LEGUME; ; ; ; ; ; ; ;2;TVA 10%;2;TVA 10%;66;37;CHANT GARNITURE ^^^^; ;; ;;
3031;^CASSIS;12062;^CASSIS; ; ; ;11;SS ALCOOL;15;APERITIFS;2;TVA 10%;2;TVA 10%;66;24;CHOIX KIRS -->; ;; ;;
3032;^MURE;12073;^MURE; ; ; ;11;SS ALCOOL;15;APERITIFS;2;TVA 10%;2;TVA 10%;66;24;CHOIX KIRS -->; ;; ;;
3033;^PECHE;12079;^PECHE; ; ; ;11;SS ALCOOL;15;APERITIFS;2;TVA 10%;2;TVA 10%;66;24;CHOIX KIRS -->; ;; ;;
3034;^FRAMBOISE;12067;^FRAMBOISE; ; ; ;11;SS ALCOOL;15;APERITIFS;2;TVA 10%;2;TVA 10%;66;24;CHOIX KIRS -->; ;; ;;
3035;^MYRTILLE;12074;^MYRTILLE; ; ; ;11;SS ALCOOL;15;APERITIFS;2;TVA 10%;2;TVA 10%;66;24;CHOIX KIRS -->; ;; ;;
3036;^FRAISES BOIS;12066;^FRAISES BOIS; ; ; ;11;SS ALCOOL;15;APERITIFS;2;TVA 10%;2;TVA 10%;66;24;CHOIX KIRS -->; ;; ;;
3151;^MENTHE;12072;^MENTHE; ; ; ;11;SS ALCOOL;17;SODAS;2;TVA 10%;2;TVA 10%;66;28;CHOIX SIROPS -->;250;Aide menu; ;;
3151;^MENTHE;12072;^MENTHE; ; ; ;11;SS ALCOOL;17;SODAS;2;TVA 10%;2;TVA 10%;66;28;CHOIX SIROPS -->;250;RAPPEL MENU; ;;
3152;^FRAISE;12065;^FRAISE; ; ; ;11;SS ALCOOL;17;SODAS;2;TVA 10%;2;TVA 10%;66;28;CHOIX SIROPS -->;250;Aide menu; ;;
3152;^FRAISE;12065;^FRAISE; ; ; ;11;SS ALCOOL;17;SODAS;2;TVA 10%;2;TVA 10%;66;28;CHOIX SIROPS -->;250;RAPPEL MENU; ;;
3153;^GRENADINE;12070;^GRENADINE; ; ; ;11;SS ALCOOL;17;SODAS;2;TVA 10%;2;TVA 10%;66;28;CHOIX SIROPS -->;250;Aide menu; ;;
3153;^GRENADINE;12070;^GRENADINE; ; ; ;11;SS ALCOOL;17;SODAS;2;TVA 10%;2;TVA 10%;66;28;CHOIX SIROPS -->;250;RAPPEL MENU; ;;
3154;^CITRON;12063;^CITRON; ; ; ;11;SS ALCOOL;17;SODAS;2;TVA 10%;2;TVA 10%;66;28;CHOIX SIROPS -->;250;Aide menu; ;;
3154;^CITRON;12063;^CITRON; ; ; ;11;SS ALCOOL;17;SODAS;2;TVA 10%;2;TVA 10%;66;28;CHOIX SIROPS -->;250;RAPPEL MENU; ;;
3155;^CITRON AMER;12064;^CITRON AMER; ; ; ;11;SS ALCOOL;17;SODAS;2;TVA 10%;2;TVA 10%;66;28;CHOIX SIROPS -->;250;Aide menu; ;;
3155;^CITRON AMER;12064;^CITRON AMER; ; ; ;11;SS ALCOOL;17;SODAS;2;TVA 10%;2;TVA 10%;66;28;CHOIX SIROPS -->;250;RAPPEL MENU; ;;
3156;^CASSIS;12062;^CASSIS; ; ; ;11;SS ALCOOL;17;SODAS;2;TVA 10%;2;TVA 10%;66;28;CHOIX SIROPS -->;250;Aide menu; ;;
3156;^CASSIS;12062;^CASSIS; ; ; ;11;SS ALCOOL;17;SODAS;2;TVA 10%;2;TVA 10%;66;28;CHOIX SIROPS -->;250;RAPPEL MENU; ;;
3157;^ORANGE;12075;^ORANGE; ; ; ;11;SS ALCOOL;17;SODAS;2;TVA 10%;2;TVA 10%;66;28;CHOIX SIROPS -->;250;Aide menu; ;;
3157;^ORANGE;12075;^ORANGE; ; ; ;11;SS ALCOOL;17;SODAS;2;TVA 10%;2;TVA 10%;66;28;CHOIX SIROPS -->;250;RAPPEL MENU; ;;
3158;^PECHE;12079;^PECHE; ; ; ;11;SS ALCOOL;17;SODAS;2;TVA 10%;2;TVA 10%;66;28;CHOIX SIROPS -->;250;Aide menu; ;;
3158;^PECHE;12079;^PECHE; ; ; ;11;SS ALCOOL;17;SODAS;2;TVA 10%;2;TVA 10%;66;28;CHOIX SIROPS -->;250;RAPPEL MENU; ;;
3159;^FRAMBOISE;12067;^FRAMBOISE; ; ; ;11;SS ALCOOL;17;SODAS;2;TVA 10%;2;TVA 10%;66;28;CHOIX SIROPS -->;250;Aide menu; ;;
3159;^FRAMBOISE;12067;^FRAMBOISE; ; ; ;11;SS ALCOOL;17;SODAS;2;TVA 10%;2;TVA 10%;66;28;CHOIX SIROPS -->;250;RAPPEL MENU; ;;
3160;^ANIS;12060;^ANIS; ; ; ;11;SS ALCOOL;17;SODAS;2;TVA 10%;2;TVA 10%;66;28;CHOIX SIROPS -->;250;Aide menu; ;;
3160;^ANIS;12060;^ANIS; ; ; ;11;SS ALCOOL;17;SODAS;2;TVA 10%;2;TVA 10%;66;28;CHOIX SIROPS -->;250;RAPPEL MENU; ;;
3161;^ORGEAT;12076;^ORGEAT; ; ; ;11;SS ALCOOL;17;SODAS;2;TVA 10%;2;TVA 10%;66;28;CHOIX SIROPS -->;250;Aide menu; ;;
3161;^ORGEAT;12076;^ORGEAT; ; ; ;11;SS ALCOOL;17;SODAS;2;TVA 10%;2;TVA 10%;66;28;CHOIX SIROPS -->;250;RAPPEL MENU; ;;
3162;^GLACIAL;12069;^GLACIAL; ; ; ;11;SS ALCOOL;17;SODAS;2;TVA 10%;2;TVA 10%;66;28;CHOIX SIROPS -->;250;Aide menu; ;;
3162;^GLACIAL;12069;^GLACIAL; ; ; ;11;SS ALCOOL;17;SODAS;2;TVA 10%;2;TVA 10%;66;28;CHOIX SIROPS -->;250;RAPPEL MENU; ;;
3163;^PASSION;12078;^PASSION; ; ; ;11;SS ALCOOL;17;SODAS;2;TVA 10%;2;TVA 10%;66;28;CHOIX SIROPS -->;250;Aide menu; ;;
3163;^PASSION;12078;^PASSION; ; ; ;11;SS ALCOOL;17;SODAS;2;TVA 10%;2;TVA 10%;66;28;CHOIX SIROPS -->;250;RAPPEL MENU; ;;
3164;^GAMBETTA;12068;^GAMBETTA; ; ; ;11;SS ALCOOL;17;SODAS;2;TVA 10%;2;TVA 10%;66;28;CHOIX SIROPS -->;250;Aide menu; ;;
3164;^GAMBETTA;12068;^GAMBETTA; ; ; ;11;SS ALCOOL;17;SODAS;2;TVA 10%;2;TVA 10%;66;28;CHOIX SIROPS -->;250;RAPPEL MENU; ;;
3165;^PAC;12077;^PAC; ; ; ;11;SS ALCOOL;17;SODAS;2;TVA 10%;2;TVA 10%;66;28;CHOIX SIROPS -->;250;Aide menu; ;;
3165;^PAC;12077;^PAC; ; ; ;11;SS ALCOOL;17;SODAS;2;TVA 10%;2;TVA 10%;66;28;CHOIX SIROPS -->;250;RAPPEL MENU; ;;
3166;^TRANCHE CITRON;12081;^TRANCHE CITRON; ; ; ;11;SS ALCOOL;17;SODAS;2;TVA 10%;2;TVA 10%;66;28;CHOIX SIROPS -->;250;Aide menu; ;;
3166;^TRANCHE CITRON;12081;^TRANCHE CITRON; ; ; ;11;SS ALCOOL;17;SODAS;2;TVA 10%;2;TVA 10%;66;28;CHOIX SIROPS -->;250;RAPPEL MENU; ;;
3167;^TRANCHE ORANGE;12082;^TRANCHE ORANGE; ; ; ;11;SS ALCOOL;17;SODAS;2;TVA 10%;2;TVA 10%;66;28;CHOIX SIROPS -->;250;Aide menu; ;;
3167;^TRANCHE ORANGE;12082;^TRANCHE ORANGE; ; ; ;11;SS ALCOOL;17;SODAS;2;TVA 10%;2;TVA 10%;66;28;CHOIX SIROPS -->;250;RAPPEL MENU; ;;
3168;^BANANE;12061;^BANANE; ; ; ;11;SS ALCOOL;17;SODAS;2;TVA 10%;2;TVA 10%;66;28;CHOIX SIROPS -->;250;Aide menu; ;;
3168;^BANANE;12061;^BANANE; ; ; ;11;SS ALCOOL;17;SODAS;2;TVA 10%;2;TVA 10%;66;28;CHOIX SIROPS -->;250;RAPPEL MENU; ;;
3169;^KIWI;12071;^KIWI; ; ; ;11;SS ALCOOL;17;SODAS;2;TVA 10%;2;TVA 10%;66;28;CHOIX SIROPS -->;250;Aide menu; ;;
3169;^KIWI;12071;^KIWI; ; ; ;11;SS ALCOOL;17;SODAS;2;TVA 10%;2;TVA 10%;66;28;CHOIX SIROPS -->;250;RAPPEL MENU; ;;
3170;^POMME VANILLE;12080;^POMME VANILLE; ; ; ;11;SS ALCOOL;17;SODAS;2;TVA 10%;2;TVA 10%;66;28;CHOIX SIROPS -->;250;Aide menu; ;;
3170;^POMME VANILLE;12080;^POMME VANILLE; ; ; ;11;SS ALCOOL;17;SODAS;2;TVA 10%;2;TVA 10%;66;28;CHOIX SIROPS -->;250;RAPPEL MENU; ;;
3004;BLEU;3004;BLEU; ; ; ; ; ; ; ;2;TVA 10%;2;TVA 10%;66;23;CUISSONS ^^^^^; ;; ;;
3005;SAIGNANT;3005;SAIGNANT; ; ; ; ; ; ; ;2;TVA 10%;2;TVA 10%;66;23;CUISSONS ^^^^^; ;; ;;
3006;ROSE;3006;ROSE; ; ; ; ; ; ; ;2;TVA 10%;2;TVA 10%;66;23;CUISSONS ^^^^^; ;; ;;
3007;A POINT;3007;A POINT; ; ; ; ; ; ; ;2;TVA 10%;2;TVA 10%;66;23;CUISSONS ^^^^^; ;; ;;
3008;BIEN CUIT;3008;BIEN CUIT; ; ; ; ; ; ; ;2;TVA 10%;2;TVA 10%;66;23;CUISSONS ^^^^^; ;; ;;
3009;TRES BIEN CUIT;3009;TRES BIEN CUIT; ; ; ; ; ; ; ;2;TVA 10%;2;TVA 10%;66;23;CUISSONS ^^^^^; ;; ;;
3010;POELE;3010;POELE; ; ; ; ; ; ; ;2;TVA 10%;2;TVA 10%;66;23;CUISSONS ^^^^^; ;; ;;
3011;GRILLE;3011;GRILLE; ; ; ; ; ; ; ;2;TVA 10%;2;TVA 10%;66;23;CUISSONS ^^^^^; ;; ;;
3012;BAVEUSE;3012;BAVEUSE; ; ; ; ; ; ; ;2;TVA 10%;2;TVA 10%;66;23;CUISSONS ^^^^^; ;; ;;
3015;PREPARE;3015;PREPARE; ; ; ; ; ; ; ;2;TVA 10%;2;TVA 10%;66;23;CUISSONS ^^^^^; ;; ;;
3016;NON PREPARE;3016;NON PREPARE; ; ; ; ; ; ; ;2;TVA 10%;2;TVA 10%;66;23;CUISSONS ^^^^^; ;; ;;
3682;BLEU;3004;BLEU; ; ; ; ; ; ; ;2;TVA 10%;2;TVA 10%;66;39;CUISSONS GARNIT^^^^^;37;CHANT GARNITURE ^^^^; ;;
3683;SAIGNANT;3005;SAIGNANT; ; ; ; ; ; ; ;2;TVA 10%;2;TVA 10%;66;39;CUISSONS GARNIT^^^^^;37;CHANT GARNITURE ^^^^; ;;
3684;ROSE;3006;ROSE; ; ; ; ; ; ; ;2;TVA 10%;2;TVA 10%;66;39;CUISSONS GARNIT^^^^^;37;CHANT GARNITURE ^^^^; ;;
3685;A POINT;3007;A POINT; ; ; ; ; ; ; ;2;TVA 10%;2;TVA 10%;66;39;CUISSONS GARNIT^^^^^;37;CHANT GARNITURE ^^^^; ;;
3686;BIEN CUIT;3008;BIEN CUIT; ; ; ; ; ; ; ;2;TVA 10%;2;TVA 10%;66;39;CUISSONS GARNIT^^^^^;37;CHANT GARNITURE ^^^^; ;;
3687;TRES BIEN CUIT;3009;TRES BIEN CUIT; ; ; ; ; ; ; ;2;TVA 10%;2;TVA 10%;66;39;CUISSONS GARNIT^^^^^;37;CHANT GARNITURE ^^^^; ;;
3688;POELE;3010;POELE; ; ; ; ; ; ; ;2;TVA 10%;2;TVA 10%;66;39;CUISSONS GARNIT^^^^^;37;CHANT GARNITURE ^^^^; ;;
3689;GRILLE;3011;GRILLE; ; ; ; ; ; ; ;2;TVA 10%;2;TVA 10%;66;39;CUISSONS GARNIT^^^^^;37;CHANT GARNITURE ^^^^; ;;
3690;BAVEUSE;3012;BAVEUSE; ; ; ; ; ; ; ;2;TVA 10%;2;TVA 10%;66;39;CUISSONS GARNIT^^^^^;37;CHANT GARNITURE ^^^^; ;;
3693;PREPARE;3015;PREPARE; ; ; ; ; ; ; ;2;TVA 10%;2;TVA 10%;66;39;CUISSONS GARNIT^^^^^;37;CHANT GARNITURE ^^^^; ;;
3694;NON PREPARE;3016;NON PREPARE; ; ; ; ; ; ; ;2;TVA 10%;2;TVA 10%;66;39;CUISSONS GARNIT^^^^^;37;CHANT GARNITURE ^^^^; ;;
3662;BLEU;3004;BLEU; ; ; ; ; ; ; ;2;TVA 10%;2;TVA 10%;66;38;CUISSONS MENU^^^^^;250;Aide menu; ;;
3662;BLEU;3004;BLEU; ; ; ; ; ; ; ;2;TVA 10%;2;TVA 10%;66;38;CUISSONS MENU^^^^^;250;RAPPEL MENU; ;;
3663;SAIGNANT;3005;SAIGNANT; ; ; ; ; ; ; ;2;TVA 10%;2;TVA 10%;66;38;CUISSONS MENU^^^^^;250;Aide menu; ;;
3663;SAIGNANT;3005;SAIGNANT; ; ; ; ; ; ; ;2;TVA 10%;2;TVA 10%;66;38;CUISSONS MENU^^^^^;250;RAPPEL MENU; ;;
3664;ROSE;3006;ROSE; ; ; ; ; ; ; ;2;TVA 10%;2;TVA 10%;66;38;CUISSONS MENU^^^^^;250;Aide menu; ;;
3664;ROSE;3006;ROSE; ; ; ; ; ; ; ;2;TVA 10%;2;TVA 10%;66;38;CUISSONS MENU^^^^^;250;RAPPEL MENU; ;;
3665;A POINT;3007;A POINT; ; ; ; ; ; ; ;2;TVA 10%;2;TVA 10%;66;38;CUISSONS MENU^^^^^;250;Aide menu; ;;
3665;A POINT;3007;A POINT; ; ; ; ; ; ; ;2;TVA 10%;2;TVA 10%;66;38;CUISSONS MENU^^^^^;250;RAPPEL MENU; ;;
3666;BIEN CUIT;3008;BIEN CUIT; ; ; ; ; ; ; ;2;TVA 10%;2;TVA 10%;66;38;CUISSONS MENU^^^^^;250;Aide menu; ;;
3666;BIEN CUIT;3008;BIEN CUIT; ; ; ; ; ; ; ;2;TVA 10%;2;TVA 10%;66;38;CUISSONS MENU^^^^^;250;RAPPEL MENU; ;;
3667;TRES BIEN CUIT;3009;TRES BIEN CUIT; ; ; ; ; ; ; ;2;TVA 10%;2;TVA 10%;66;38;CUISSONS MENU^^^^^;250;Aide menu; ;;
3667;TRES BIEN CUIT;3009;TRES BIEN CUIT; ; ; ; ; ; ; ;2;TVA 10%;2;TVA 10%;66;38;CUISSONS MENU^^^^^;250;RAPPEL MENU; ;;
3668;POELE;3010;POELE; ; ; ; ; ; ; ;2;TVA 10%;2;TVA 10%;66;38;CUISSONS MENU^^^^^;250;Aide menu; ;;
3668;POELE;3010;POELE; ; ; ; ; ; ; ;2;TVA 10%;2;TVA 10%;66;38;CUISSONS MENU^^^^^;250;RAPPEL MENU; ;;
3669;GRILLE;3011;GRILLE; ; ; ; ; ; ; ;2;TVA 10%;2;TVA 10%;66;38;CUISSONS MENU^^^^^;250;Aide menu; ;;
3669;GRILLE;3011;GRILLE; ; ; ; ; ; ; ;2;TVA 10%;2;TVA 10%;66;38;CUISSONS MENU^^^^^;250;RAPPEL MENU; ;;
3670;BAVEUSE;3012;BAVEUSE; ; ; ; ; ; ; ;2;TVA 10%;2;TVA 10%;66;38;CUISSONS MENU^^^^^;250;Aide menu; ;;
3670;BAVEUSE;3012;BAVEUSE; ; ; ; ; ; ; ;2;TVA 10%;2;TVA 10%;66;38;CUISSONS MENU^^^^^;250;RAPPEL MENU; ;;
3673;PREPARE;3015;PREPARE; ; ; ; ; ; ; ;2;TVA 10%;2;TVA 10%;66;38;CUISSONS MENU^^^^^;250;Aide menu; ;;
3673;PREPARE;3015;PREPARE; ; ; ; ; ; ; ;2;TVA 10%;2;TVA 10%;66;38;CUISSONS MENU^^^^^;250;RAPPEL MENU; ;;
3674;NON PREPARE;3016;NON PREPARE; ; ; ; ; ; ; ;2;TVA 10%;2;TVA 10%;66;38;CUISSONS MENU^^^^^;250;Aide menu; ;;
3674;NON PREPARE;3016;NON PREPARE; ; ; ; ; ; ; ;2;TVA 10%;2;TVA 10%;66;38;CUISSONS MENU^^^^^;250;RAPPEL MENU; ;;
3832;BLEU;3004;BLEU; ; ; ; ; ; ; ;2;TVA 10%;2;TVA 10%;66;45;CUISSONS SAUCE;41;SAUCE ^^^^^; ;;
3833;SAIGNANT;3005;SAIGNANT; ; ; ; ; ; ; ;2;TVA 10%;2;TVA 10%;66;45;CUISSONS SAUCE;41;SAUCE ^^^^^; ;;
3834;ROSE;3006;ROSE; ; ; ; ; ; ; ;2;TVA 10%;2;TVA 10%;66;45;CUISSONS SAUCE;41;SAUCE ^^^^^; ;;
3835;A POINT;3007;A POINT; ; ; ; ; ; ; ;2;TVA 10%;2;TVA 10%;66;45;CUISSONS SAUCE;41;SAUCE ^^^^^; ;;
3836;BIEN CUIT;3008;BIEN CUIT; ; ; ; ; ; ; ;2;TVA 10%;2;TVA 10%;66;45;CUISSONS SAUCE;41;SAUCE ^^^^^; ;;
3837;TRES BIEN CUIT;3009;TRES BIEN CUIT; ; ; ; ; ; ; ;2;TVA 10%;2;TVA 10%;66;45;CUISSONS SAUCE;41;SAUCE ^^^^^; ;;
3838;POELE;3010;POELE; ; ; ; ; ; ; ;2;TVA 10%;2;TVA 10%;66;45;CUISSONS SAUCE;41;SAUCE ^^^^^; ;;
3839;GRILLE;3011;GRILLE; ; ; ; ; ; ; ;2;TVA 10%;2;TVA 10%;66;45;CUISSONS SAUCE;41;SAUCE ^^^^^; ;;
3840;BAVEUSE;3012;BAVEUSE; ; ; ; ; ; ; ;2;TVA 10%;2;TVA 10%;66;45;CUISSONS SAUCE;41;SAUCE ^^^^^; ;;
3843;PREPARE;3015;PREPARE; ; ; ; ; ; ; ;2;TVA 10%;2;TVA 10%;66;45;CUISSONS SAUCE;41;SAUCE ^^^^^; ;;
3844;NON PREPARE;3016;NON PREPARE; ; ; ; ; ; ; ;2;TVA 10%;2;TVA 10%;66;45;CUISSONS SAUCE;41;SAUCE ^^^^^; ;;
3182;MESSAGE LIBRE;3052;MESSAGE LIBRE; ; ; ;46;MESSAGE LIBRE; ; ;2;TVA 10%;2;TVA 10%;82;29;MESSAGE TARTARE ^^^; ;; ;;
3183;VOIR SERVEUR;3053;VOIR SERVEUR; ; ; ;47;MESSAGE; ; ;2;TVA 10%;2;TVA 10%;66;29;MESSAGE TARTARE ^^^; ;; ;;
3184;NE PAS FAIRE;3054;NE PAS FAIRE; ; ; ;47;MESSAGE; ; ;2;TVA 10%;2;TVA 10%;66;29;MESSAGE TARTARE ^^^; ;; ;;
3185;URGENT;3055;URGENT; ; ; ;47;MESSAGE; ; ;2;TVA 10%;2;TVA 10%;66;29;MESSAGE TARTARE ^^^; ;; ;;
3186;V I P;3186;V I P; ; ; ;47;MESSAGE; ; ;2;TVA 10%;2;TVA 10%;66;29;MESSAGE TARTARE ^^^; ;; ;;
3187;PREPARE;12517;PREPARE; ; ; ; ; ; ; ;2;TVA 10%;2;TVA 10%;66;29;MESSAGE TARTARE ^^^; ;; ;;
3188;NON PREPARE;12460;NON PREPARE; ; ; ; ; ; ; ;2;TVA 10%;2;TVA 10%;66;29;MESSAGE TARTARE ^^^; ;; ;;
3189;PEU RELEVE;12487;PEU RELEVE; ; ; ; ; ; ; ;2;TVA 10%;2;TVA 10%;66;29;MESSAGE TARTARE ^^^; ;; ;;
3190;BIEN RELEVE;12187;BIEN RELEVE; ; ; ; ; ; ; ;2;TVA 10%;2;TVA 10%;66;29;MESSAGE TARTARE ^^^; ;; ;;
3191;SANS HERBES;3112;SANS HERBES; ; ; ; ; ; ; ;2;TVA 10%;2;TVA 10%;66;29;MESSAGE TARTARE ^^^; ;; ;;
3192;SANS CAPRES;12559;SANS CAPRES; ; ; ; ; ; ; ;2;TVA 10%;2;TVA 10%;66;29;MESSAGE TARTARE ^^^; ;; ;;
3193;SANS CORNICHONS;12561;SANS CORNICHONS; ; ; ; ; ; ; ;2;TVA 10%;2;TVA 10%;66;29;MESSAGE TARTARE ^^^; ;; ;;
3194;SANS OIGNONS;12565;SANS OIGNONS; ; ; ; ; ; ; ;2;TVA 10%;2;TVA 10%;66;29;MESSAGE TARTARE ^^^; ;; ;;
3195;SANS OEUF;12564;SANS OEUF; ; ; ; ; ; ; ;2;TVA 10%;2;TVA 10%;66;29;MESSAGE TARTARE ^^^; ;; ;;
3196;ALLER RETOUR;12128;ALLER RETOUR; ; ; ; ; ; ; ;2;TVA 10%;2;TVA 10%;66;29;MESSAGE TARTARE ^^^; ;; ;;
3051;DEJA FAIT;3051;DEJA FAIT; ; ; ;47;MESSAGE; ; ;2;TVA 10%;2;TVA 10%;66;25;MESSAGES BAR ^^^^; ;; ;;
3052;MESSAGE LIBRE;3052;MESSAGE LIBRE; ; ; ;46;MESSAGE LIBRE; ; ;2;TVA 10%;2;TVA 10%;82;25;MESSAGES BAR ^^^^; ;; ;;
3053;VOIR SERVEUR;3053;VOIR SERVEUR; ; ; ;1;ENTREE; ; ;2;TVA 10%;2;TVA 10%;66;25;MESSAGES BAR ^^^^; ;; ;;
3054;NE PAS FAIRE;3054;NE PAS FAIRE; ; ; ;47;MESSAGE; ; ;2;TVA 10%;2;TVA 10%;66;25;MESSAGES BAR ^^^^; ;; ;;
3055;URGENT;3055;URGENT; ; ; ;47;MESSAGE; ; ;2;TVA 10%;2;TVA 10%;66;25;MESSAGES BAR ^^^^; ;; ;;
3056;ATTENDRE;3056;ATTENDRE; ; ; ;47;MESSAGE; ; ;2;TVA 10%;2;TVA 10%;66;25;MESSAGES BAR ^^^^; ;; ;;
3057;AVEC GLACE;12157;AVEC GLACE; ; ; ; ; ; ; ;2;TVA 10%;2;TVA 10%;66;25;MESSAGES BAR ^^^^; ;; ;;
3058;SANS GLACE;12563;SANS GLACE; ; ; ; ; ; ; ;2;TVA 10%;2;TVA 10%;66;25;MESSAGES BAR ^^^^; ;; ;;
3059;1 SEUL GLACON;12090;1 SEUL GLACON; ; ; ; ; ; ; ;2;TVA 10%;2;TVA 10%;66;25;MESSAGES BAR ^^^^; ;; ;;
3060;GLACE PILEE;12337;GLACE PILEE; ; ; ; ; ; ; ;2;TVA 10%;2;TVA 10%;66;25;MESSAGES BAR ^^^^; ;; ;;
3061;AVEC CITRON;12153;AVEC CITRON; ; ; ; ; ; ; ;2;TVA 10%;2;TVA 10%;66;25;MESSAGES BAR ^^^^; ;; ;;
3062;SANS CITRON;12560;SANS CITRON; ; ; ; ; ; ; ;2;TVA 10%;2;TVA 10%;66;25;MESSAGES BAR ^^^^; ;; ;;
3063;SERRE;12584;SERRE; ; ; ; ; ; ; ;2;TVA 10%;2;TVA 10%;66;25;MESSAGES BAR ^^^^; ;; ;;
3064;ALLONGE;12129;ALLONGE; ; ; ; ; ; ; ;2;TVA 10%;2;TVA 10%;66;25;MESSAGES BAR ^^^^; ;; ;;
3065;SANS SUCRE;12569;SANS SUCRE; ; ; ; ; ; ; ;2;TVA 10%;2;TVA 10%;66;25;MESSAGES BAR ^^^^; ;; ;;
3066;AVEC 2 SUCRES;12152;AVEC 2 SUCRES; ; ; ; ; ; ; ;2;TVA 10%;2;TVA 10%;66;25;MESSAGES BAR ^^^^; ;; ;;
3067;VERRE D EAU;12652;VERRE D EAU; ; ; ; ; ; ; ;2;TVA 10%;2;TVA 10%;66;25;MESSAGES BAR ^^^^; ;; ;;
3068;POT LAIT CHAUD;12511;POT LAIT CHAUD; ; ; ; ; ; ; ;2;TVA 10%;2;TVA 10%;66;25;MESSAGES BAR ^^^^; ;; ;;
3069;POT LAIT FROID;12512;POT LAIT FROID; ; ; ; ; ; ; ;2;TVA 10%;2;TVA 10%;66;25;MESSAGES BAR ^^^^; ;; ;;
3070;POT EAU FROIDE;12510;POT EAU FROIDE; ; ; ; ; ; ; ;2;TVA 10%;2;TVA 10%;66;25;MESSAGES BAR ^^^^; ;; ;;
3071;POT EAU CHAUDE;12509;POT EAU CHAUDE; ; ; ; ; ; ; ;2;TVA 10%;2;TVA 10%;66;25;MESSAGES BAR ^^^^; ;; ;;
3074;AVEC 2 PAILLES;12151;AVEC 2 PAILLES; ; ; ; ; ; ; ;2;TVA 10%;2;TVA 10%;66;25;MESSAGES BAR ^^^^; ;; ;;
3076;BIEN BLANC;12186;BIEN BLANC; ; ; ; ; ; ; ;2;TVA 10%;2;TVA 10%;66;25;MESSAGES BAR ^^^^; ;; ;;
3101;DEJA FAIT;3051;DEJA FAIT; ; ; ;47;MESSAGE; ; ;2;TVA 10%;2;TVA 10%;66;2;MESSAGES CUISINE ^^^; ;; ;;
3102;MESSAGE LIBRE;3052;MESSAGE LIBRE; ; ; ;46;MESSAGE LIBRE; ; ;2;TVA 10%;2;TVA 10%;82;2;MESSAGES CUISINE ^^^; ;; ;;
3103;VOIR SERVEUR;3053;VOIR SERVEUR; ; ; ;47;MESSAGE; ; ;2;TVA 10%;2;TVA 10%;66;2;MESSAGES CUISINE ^^^; ;; ;;
3104;NE PAS FAIRE;3054;NE PAS FAIRE; ; ; ;47;MESSAGE; ; ;2;TVA 10%;2;TVA 10%;66;2;MESSAGES CUISINE ^^^; ;; ;;
3105;URGENT;3055;URGENT; ; ; ;47;MESSAGE; ; ;2;TVA 10%;2;TVA 10%;66;2;MESSAGES CUISINE ^^^; ;; ;;
3106;ATTENDRE;3056;ATTENDRE; ; ; ;47;MESSAGE; ; ;2;TVA 10%;2;TVA 10%;66;2;MESSAGES CUISINE ^^^; ;; ;;
3107;SAUCE A PART;3107;SAUCE A PART; ; ; ; ; ; ; ;2;TVA 10%;2;TVA 10%;66;2;MESSAGES CUISINE ^^^; ;; ;;
3108;SANS SAUCE;12567;SANS SAUCE; ; ; ; ; ; ; ;2;TVA 10%;2;TVA 10%;66;2;MESSAGES CUISINE ^^^; ;; ;;
3109;SANS SEL;12568;SANS SEL; ; ; ; ; ; ; ;2;TVA 10%;2;TVA 10%;66;2;MESSAGES CUISINE ^^^; ;; ;;
3110;SANS BEURRE;12558;SANS BEURRE; ; ; ; ; ; ; ;2;TVA 10%;2;TVA 10%;66;2;MESSAGES CUISINE ^^^; ;; ;;
3111;SANS HUILE;3111;SANS HUILE; ; ; ; ; ; ; ;2;TVA 10%;2;TVA 10%;66;2;MESSAGES CUISINE ^^^; ;; ;;
3112;SANS HERBES;3112;SANS HERBES; ; ; ; ; ; ; ;2;TVA 10%;2;TVA 10%;66;2;MESSAGES CUISINE ^^^; ;; ;;
3113;SANS PORC;12566;SANS PORC; ; ; ; ; ; ; ;2;TVA 10%;2;TVA 10%;66;2;MESSAGES CUISINE ^^^; ;; ;;
3114;SANS AIL;12556;SANS AIL; ; ; ; ; ; ; ;2;TVA 10%;2;TVA 10%;66;2;MESSAGES CUISINE ^^^; ;; ;;
3115;SANS CREME FRAICHE;12562;SANS CREME FRAICHE; ; ; ; ; ; ; ;2;TVA 10%;2;TVA 10%;66;2;MESSAGES CUISINE ^^^; ;; ;;
3126;DIVERS CUISINE;12295;DIVERS CUISINE; ; ; ; ; ; ; ;2;TVA 10%;2;TVA 10%;128;2;MESSAGES CUISINE ^^^; ;; ;;
3262;PREDECOUPEE;12516;PREDECOUPEE; ; ; ; ; ; ; ;2;TVA 10%;2;TVA 10%;66;2;MESSAGES CUISINE ^^^; ;; ;;
3702;MESSAGE LIBRE;3052;MESSAGE LIBRE; ; ; ;46;MESSAGE LIBRE; ; ;2;TVA 10%;2;TVA 10%;82;40;MESSAGES DESSERT ^^^; ;; ;;
3703;VOIR SERVEUR;3053;VOIR SERVEUR; ; ; ;47;MESSAGE; ; ;2;TVA 10%;2;TVA 10%;66;40;MESSAGES DESSERT ^^^; ;; ;;
3704;NE PAS FAIRE;3054;NE PAS FAIRE; ; ; ;47;MESSAGE; ; ;2;TVA 10%;2;TVA 10%;66;40;MESSAGES DESSERT ^^^; ;; ;;
3705;URGENT;3055;URGENT; ; ; ;47;MESSAGE; ; ;2;TVA 10%;2;TVA 10%;66;40;MESSAGES DESSERT ^^^; ;; ;;
3706;V I P;3186;V I P; ; ; ;47;MESSAGE; ; ;2;TVA 10%;2;TVA 10%;66;40;MESSAGES DESSERT ^^^; ;; ;;
3707;AVEC;3222;AVEC; ; ; ;48;AVEC; ; ;2;TVA 10%;2;TVA 10%;66;40;MESSAGES DESSERT ^^^; ;; ;;
3708;SANS;3223;SANS; ; ; ;49;SANS; ; ;2;TVA 10%;2;TVA 10%;66;40;MESSAGES DESSERT ^^^; ;; ;;
3709;PEU DE CHANTILLY;12486;PEU DE CHANTILLY; ; ; ; ; ; ; ;2;TVA 10%;2;TVA 10%;66;40;MESSAGES DESSERT ^^^; ;; ;;
3710;CHANTILLY;12235;CHANTILLY; ; ; ; ; ; ; ;2;TVA 10%;2;TVA 10%;66;40;MESSAGES DESSERT ^^^; ;; ;;
3711;SAUCE CHOCOLAT;12575;SAUCE CHOCOLAT; ; ; ; ; ; ; ;2;TVA 10%;2;TVA 10%;66;40;MESSAGES DESSERT ^^^; ;; ;;
3712;SAUCE CARAMEL;12574;SAUCE CARAMEL; ; ; ; ; ; ; ;2;TVA 10%;2;TVA 10%;66;40;MESSAGES DESSERT ^^^; ;; ;;
3713;COULIS FRUITS ROUGES;12265;COULIS FRUITS ROUGES; ; ; ; ; ; ; ;2;TVA 10%;2;TVA 10%;66;40;MESSAGES DESSERT ^^^; ;; ;;
3714;SAUCE A PART;3107;SAUCE A PART; ; ; ; ; ; ; ;2;TVA 10%;2;TVA 10%;66;40;MESSAGES DESSERT ^^^; ;; ;;
3715;SANS ALCOOL;12557;SANS ALCOOL; ; ; ; ; ; ; ;2;TVA 10%;2;TVA 10%;66;40;MESSAGES DESSERT ^^^; ;; ;;
3716;POUR 2;3263;POUR 2; ; ; ; ; ; ; ;2;TVA 10%;2;TVA 10%;66;40;MESSAGES DESSERT ^^^; ;; ;;
3717;AMANDES;12130;AMANDES; ; ; ; ; ; ; ;2;TVA 10%;2;TVA 10%;66;40;MESSAGES DESSERT ^^^; ;; ;;
3212;MESSAGE LIBRE;3052;MESSAGE LIBRE; ; ; ;46;MESSAGE LIBRE; ; ;2;TVA 10%;2;TVA 10%;82;30;MESSAGES ECAILLE ^^^; ;; ;;
3213;VOIR SERVEUR;3053;VOIR SERVEUR; ; ; ;47;MESSAGE; ; ;2;TVA 10%;2;TVA 10%;66;30;MESSAGES ECAILLE ^^^; ;; ;;
3214;NE PAS FAIRE;3054;NE PAS FAIRE; ; ; ;47;MESSAGE; ; ;2;TVA 10%;2;TVA 10%;66;30;MESSAGES ECAILLE ^^^; ;; ;;
3215;URGENT;3055;URGENT; ; ; ;47;MESSAGE; ; ;2;TVA 10%;2;TVA 10%;66;30;MESSAGES ECAILLE ^^^; ;; ;;
3216;V I P;3186;V I P; ; ; ;47;MESSAGE; ; ;2;TVA 10%;2;TVA 10%;66;30;MESSAGES ECAILLE ^^^; ;; ;;
3217;PLUS DE CITRON;12084;PLUS DE CITRON; ; ; ; ; ; ; ;2;TVA 10%;2;TVA 10%;66;30;MESSAGES ECAILLE ^^^; ;; ;;
3218;PLUS DE PAIN DE SEIGLE;12086;PLUS DE PAIN DE SEIGLE; ; ; ; ; ; ; ;2;TVA 10%;2;TVA 10%;66;30;MESSAGES ECAILLE ^^^; ;; ;;
3219;PLUS DE MAYONNAISE;12085;PLUS DE MAYONNAISE; ; ; ; ; ; ; ;2;TVA 10%;2;TVA 10%;66;30;MESSAGES ECAILLE ^^^; ;; ;;
3220;PLUS DE VINAIGRE ECHALO;12087;PLUS DE VINAIGRE ECHALO; ; ; ; ; ; ; ;2;TVA 10%;2;TVA 10%;66;30;MESSAGES ECAILLE ^^^; ;; ;;
3221;PLUS DE BEURRE;12083;PLUS DE BEURRE; ; ; ; ; ; ; ;2;TVA 10%;2;TVA 10%;66;30;MESSAGES ECAILLE ^^^; ;; ;;
3222;AVEC;3222;AVEC; ; ; ;48;AVEC; ; ;2;TVA 10%;2;TVA 10%;66;30;MESSAGES ECAILLE ^^^; ;; ;;
3223;SANS;3223;SANS; ; ; ;49;SANS; ; ;2;TVA 10%;2;TVA 10%;66;30;MESSAGES ECAILLE ^^^; ;; ;;
3224;BULOTS;12205;BULOTS; ; ; ; ; ; ; ;2;TVA 10%;2;TVA 10%;66;30;MESSAGES ECAILLE ^^^; ;; ;;
3225;CREVETTES ROSES;12273;CREVETTES ROSES; ; ; ; ; ; ; ;2;TVA 10%;2;TVA 10%;66;30;MESSAGES ECAILLE ^^^; ;; ;;
3226;CREVETTES GRISES;12272;CREVETTES GRISES; ; ; ; ; ; ; ;2;TVA 10%;2;TVA 10%;66;30;MESSAGES ECAILLE ^^^; ;; ;;
3227;BIGORNEAUX;12189;BIGORNEAUX; ; ; ; ; ; ; ;2;TVA 10%;2;TVA 10%;66;30;MESSAGES ECAILLE ^^^; ;; ;;
3228;AMANDES;12130;AMANDES; ; ; ; ; ; ; ;2;TVA 10%;2;TVA 10%;66;30;MESSAGES ECAILLE ^^^; ;; ;;
3229;MOULES D ESPAGNE;12450;MOULES D ESPAGNE; ; ; ; ; ; ; ;2;TVA 10%;2;TVA 10%;66;30;MESSAGES ECAILLE ^^^; ;; ;;
3230;LANGOUSTINES;12391;LANGOUSTINES; ; ; ; ; ; ; ;2;TVA 10%;2;TVA 10%;66;30;MESSAGES ECAILLE ^^^; ;; ;;
3231;TOURTEAU;12645;TOURTEAU; ; ; ; ; ; ; ;2;TVA 10%;2;TVA 10%;66;30;MESSAGES ECAILLE ^^^; ;; ;;
3232;ARAIGNEE;12142;ARAIGNEE; ; ; ; ; ; ; ;2;TVA 10%;2;TVA 10%;66;30;MESSAGES ECAILLE ^^^; ;; ;;
3233;PRAIRES;12515;PRAIRES; ; ; ; ; ; ; ;2;TVA 10%;2;TVA 10%;66;30;MESSAGES ECAILLE ^^^; ;; ;;
3234;CLAMS;12245;CLAMS; ; ; ; ; ; ; ;2;TVA 10%;2;TVA 10%;66;30;MESSAGES ECAILLE ^^^; ;; ;;
3235;HUITRES;12362;HUITRES; ; ; ; ; ; ; ;2;TVA 10%;2;TVA 10%;66;30;MESSAGES ECAILLE ^^^; ;; ;;
3252;MESSAGE LIBRE;3052;MESSAGE LIBRE; ; ; ;46;MESSAGE LIBRE; ; ;2;TVA 10%;2;TVA 10%;82;31;MESSAGES PIZZA ^^^; ;; ;;
3253;VOIR SERVEUR;3053;VOIR SERVEUR; ; ; ;47;MESSAGE; ; ;2;TVA 10%;2;TVA 10%;66;31;MESSAGES PIZZA ^^^; ;; ;;
3254;NE PAS FAIRE;3054;NE PAS FAIRE; ; ; ;47;MESSAGE; ; ;2;TVA 10%;2;TVA 10%;66;31;MESSAGES PIZZA ^^^; ;; ;;
3255;URGENT;3055;URGENT; ; ; ;47;MESSAGE; ; ;2;TVA 10%;2;TVA 10%;66;31;MESSAGES PIZZA ^^^; ;; ;;
3256;V I P;3186;V I P; ; ; ;47;MESSAGE; ; ;2;TVA 10%;2;TVA 10%;66;31;MESSAGES PIZZA ^^^; ;; ;;
3257;BLANCHE;12192;BLANCHE; ; ; ; ; ; ; ;2;TVA 10%;2;TVA 10%;66;31;MESSAGES PIZZA ^^^; ;; ;;
3258;TRES CUITE;12646;TRES CUITE; ; ; ; ; ; ; ;2;TVA 10%;2;TVA 10%;66;31;MESSAGES PIZZA ^^^; ;; ;;
3259;OUVERT;12468;OUVERT; ; ; ; ; ; ; ;2;TVA 10%;2;TVA 10%;66;31;MESSAGES PIZZA ^^^; ;; ;;
3260;FERMEE;12310;FERMEE; ; ; ; ; ; ; ;2;TVA 10%;2;TVA 10%;66;31;MESSAGES PIZZA ^^^; ;; ;;
3261;FINE;12314;FINE; ; ; ; ; ; ; ;2;TVA 10%;2;TVA 10%;66;31;MESSAGES PIZZA ^^^; ;; ;;
3263;POUR 2;3263;POUR 2; ; ; ; ; ; ; ;2;TVA 10%;2;TVA 10%;66;31;MESSAGES PIZZA ^^^; ;; ;;
3264;OEUF MIROIR;12462;OEUF MIROIR; ; ; ; ; ; ; ;2;TVA 10%;2;TVA 10%;66;31;MESSAGES PIZZA ^^^; ;; ;;
3265;OEUF TRES CUIT;12463;OEUF TRES CUIT; ; ; ; ; ; ; ;2;TVA 10%;2;TVA 10%;66;31;MESSAGES PIZZA ^^^; ;; ;;
3266;SANS VINAIGRETTE;12570;SANS VINAIGRETTE; ; ; ; ; ; ; ;2;TVA 10%;2;TVA 10%;66;31;MESSAGES PIZZA ^^^; ;; ;;
3267;SANS HUILE;3111;SANS HUILE; ; ; ; ; ; ; ;2;TVA 10%;2;TVA 10%;66;31;MESSAGES PIZZA ^^^; ;; ;;
3502;FRAIS;12319;FRAIS; ; ; ; ; ; ; ;2;TVA 10%;2;TVA 10%;66;50;MESSAGES VIN ^^^^; ;; ;;
3503;A TEMPERATURE;12116;A TEMPERATURE; ; ; ; ; ; ; ;2;TVA 10%;2;TVA 10%;66;50;MESSAGES VIN ^^^^; ;; ;;
3504;A LA MAIN;12115;A LA MAIN; ; ; ; ; ; ; ;2;TVA 10%;2;TVA 10%;66;50;MESSAGES VIN ^^^^; ;; ;;
3505;EN FRAPPE;12302;EN FRAPPE; ; ; ; ; ; ; ;2;TVA 10%;2;TVA 10%;66;50;MESSAGES VIN ^^^^; ;; ;;
3402;AVEC;3222;AVEC; ; ; ;48;AVEC; ; ;2;TVA 10%;2;TVA 10%;66;33;MODIF INGREDIENT ^^^; ;; ;;
3403;SANS;3223;SANS; ; ; ;49;SANS; ; ;2;TVA 10%;2;TVA 10%;66;33;MODIF INGREDIENT ^^^; ;; ;;
3404;SALADE VERTE;3314;COUPEE; ; ; ; ; ; ; ;2;TVA 10%;2;TVA 10%;66;33;MODIF INGREDIENT ^^^; ;; ;;
3405;JAMBON;3286;JAMBON; ; ; ; ; ; ; ;2;TVA 10%;2;TVA 10%;66;33;MODIF INGREDIENT ^^^; ;; ;;
3406;JAMBON DE PAYS;3301;JAMBON DE PAYS; ; ; ; ; ; ; ;2;TVA 10%;2;TVA 10%;66;33;MODIF INGREDIENT ^^^; ;; ;;
3407;TOMATES;12642;TOMATES; ; ; ; ; ; ; ;2;TVA 10%;2;TVA 10%;66;33;MODIF INGREDIENT ^^^; ;; ;;
3408;FROMAGE;12320;FROMAGE; ; ; ; ; ; ; ;2;TVA 10%;2;TVA 10%;66;33;MODIF INGREDIENT ^^^; ;; ;;
3409;OEUF;3313;OEUF; ; ; ; ; ; ; ;2;TVA 10%;2;TVA 10%;66;33;MODIF INGREDIENT ^^^; ;; ;;
3410;OLIVES;3296;OLIVES; ; ; ; ; ; ; ;2;TVA 10%;2;TVA 10%;66;33;MODIF INGREDIENT ^^^; ;; ;;
3411;SAUMON;3308;SAUMON; ; ; ; ; ; ; ;2;TVA 10%;2;TVA 10%;66;33;MODIF INGREDIENT ^^^; ;; ;;
3413;CHEVRE;3305;CHEVRE; ; ; ; ; ; ; ;2;TVA 10%;2;TVA 10%;66;33;MODIF INGREDIENT ^^^; ;; ;;
3416;MAGRET DE CANARD;12428;MAGRET DE CANARD; ; ; ; ; ; ; ;2;TVA 10%;2;TVA 10%;66;33;MODIF INGREDIENT ^^^; ;; ;;
3417;POULET;12514;POULET; ; ; ; ; ; ; ;2;TVA 10%;2;TVA 10%;66;33;MODIF INGREDIENT ^^^; ;; ;;
3418;LARDONS;3302;LARDONS; ; ; ; ; ; ; ;2;TVA 10%;2;TVA 10%;66;33;MODIF INGREDIENT ^^^; ;; ;;
3419;POMME DE TERRE;12505;POMME DE TERRE; ; ; ; ; ; ; ;2;TVA 10%;2;TVA 10%;66;33;MODIF INGREDIENT ^^^; ;; ;;
3420;ANCHOIS;3309;ANCHOIS; ; ; ; ; ; ; ;2;TVA 10%;2;TVA 10%;66;33;MODIF INGREDIENT ^^^; ;; ;;
3423;OIGNONS;3294;OIGNONS; ; ; ; ; ; ; ;2;TVA 10%;2;TVA 10%;66;33;MODIF INGREDIENT ^^^; ;; ;;
3428;THON;3310;CAR; ; ; ; ; ; ; ;2;TVA 10%;2;TVA 10%;66;33;MODIF INGREDIENT ^^^; ;; ;;
3430;ASPERGES;12145;ASPERGES; ; ; ; ; ; ; ;2;TVA 10%;2;TVA 10%;66;33;MODIF INGREDIENT ^^^; ;; ;;
3434;ARACHIDE;12141;ARACHIDE; ; ; ; ; ; ; ;2;TVA 10%;2;TVA 10%;66;33;MODIF INGREDIENT ^^^; ;; ;;
3435;MOZZARELLA;3307;MOZZARELLA; ; ; ; ; ; ; ;2;TVA 10%;2;TVA 10%;66;33;MODIF INGREDIENT ^^^; ;; ;;
3436;PISTOU;12491;PISTOU; ; ; ; ; ; ; ;2;TVA 10%;2;TVA 10%;66;33;MODIF INGREDIENT ^^^; ;; ;;
3437;CREVETTES;3312;Crevettes 10/15; ; ; ; ; ; ; ;3;TVA 5,5%;2;TVA 10%;66;33;MODIF INGREDIENT ^^^; ;; ;;
3438;FOIE GRAS;12315;FOIE GRAS; ; ; ; ; ; ; ;2;TVA 10%;2;TVA 10%;66;33;MODIF INGREDIENT ^^^; ;; ;;
3439;ANANAS;12136;ANANAS; ; ; ; ; ; ; ;2;TVA 10%;2;TVA 10%;66;33;MODIF INGREDIENT ^^^; ;; ;;
3441;CONCOMBRE;12257;CONCOMBRE; ; ; ; ; ; ; ;2;TVA 10%;2;TVA 10%;66;33;MODIF INGREDIENT ^^^; ;; ;;
3443;POIVRON;3443;POIVRONS; ; ; ; ; ; ; ;2;TVA 10%;2;TVA 10%;66;33;MODIF INGREDIENT ^^^; ;; ;;
3444;PORC;12506;PORC; ; ; ; ; ; ; ;2;TVA 10%;2;TVA 10%;66;33;MODIF INGREDIENT ^^^; ;; ;;
3445;CREME FRAICHE;3285;CREME FRAICHE; ; ; ; ; ; ; ;2;TVA 10%;2;TVA 10%;66;33;MODIF INGREDIENT ^^^; ;; ;;
3446;NOIX;12457;NOIX; ; ; ; ; ; ; ;2;TVA 10%;2;TVA 10%;66;33;MODIF INGREDIENT ^^^; ;; ;;
3447;CORNICHONS;12260;CORNICHONS; ; ; ; ; ; ; ;2;TVA 10%;2;TVA 10%;66;33;MODIF INGREDIENT ^^^; ;; ;;
3448;CHAMPIGNONS;3295;CHAMPIGNONS; ; ; ; ; ; ; ;2;TVA 10%;2;TVA 10%;66;33;MODIF INGREDIENT ^^^; ;; ;;
3282;AVEC;3222;AVEC; ; ; ;48;AVEC; ; ;2;TVA 10%;2;TVA 10%;66;32;MODIF PIZZA^^^^; ;; ;;
3283;SANS;3223;SANS; ; ; ;49;SANS; ; ;2;TVA 10%;2;TVA 10%;66;32;MODIF PIZZA^^^^; ;; ;;
3284;SAUCE TOMATE;12577;SAUCE TOMATE; ; ; ; ; ; ; ;2;TVA 10%;2;TVA 10%;66;32;MODIF PIZZA^^^^; ;; ;;
3285;CREME FRAICHE;3285;CREME FRAICHE; ; ; ; ; ; ; ;2;TVA 10%;2;TVA 10%;66;32;MODIF PIZZA^^^^; ;; ;;
3286;JAMBON;3286;JAMBON; ; ; ; ; ; ; ;2;TVA 10%;2;TVA 10%;66;32;MODIF PIZZA^^^^; ;; ;;
3287;FROMAGE;12320;FROMAGE; ; ; ; ; ; ; ;2;TVA 10%;2;TVA 10%;66;32;MODIF PIZZA^^^^; ;; ;;
3288;ORIGAN;12465;ORIGAN; ; ; ; ; ; ; ;2;TVA 10%;2;TVA 10%;66;32;MODIF PIZZA^^^^; ;; ;;
3289;TOMATE FRAICHE;12641;TOMATE FRAICHE; ; ; ; ; ; ; ;2;TVA 10%;2;TVA 10%;66;32;MODIF PIZZA^^^^; ;; ;;
3290;CAPRES;12219;CAPRES; ; ; ; ; ; ; ;2;TVA 10%;2;TVA 10%;66;32;MODIF PIZZA^^^^; ;; ;;
3291;ARTICHAUT;12144;ARTICHAUT; ; ; ; ; ; ; ;2;TVA 10%;2;TVA 10%;66;32;MODIF PIZZA^^^^; ;; ;;
3292;POIVRONS;3443;POIVRONS; ; ; ; ; ; ; ;2;TVA 10%;2;TVA 10%;66;32;MODIF PIZZA^^^^; ;; ;;
3293;AUBERGINE;12150;AUBERGINE; ; ; ; ; ; ; ;2;TVA 10%;2;TVA 10%;66;32;MODIF PIZZA^^^^; ;; ;;
3294;OIGNONS;3294;OIGNONS; ; ; ; ; ; ; ;2;TVA 10%;2;TVA 10%;66;32;MODIF PIZZA^^^^; ;; ;;
3295;CHAMPIGNONS;3295;CHAMPIGNONS; ; ; ; ; ; ; ;2;TVA 10%;2;TVA 10%;66;32;MODIF PIZZA^^^^; ;; ;;
3296;OLIVES;3296;OLIVES; ; ; ; ; ; ; ;2;TVA 10%;2;TVA 10%;66;32;MODIF PIZZA^^^^; ;; ;;
3297;COURGETTE;12268;COURGETTE; ; ; ; ; ; ; ;2;TVA 10%;2;TVA 10%;66;32;MODIF PIZZA^^^^; ;; ;;
3302;LARDONS;3302;LARDONS; ; ; ; ; ; ; ;2;TVA 10%;2;TVA 10%;66;32;MODIF PIZZA^^^^; ;; ;;
3304;GORGONZOLA;12340;GORGONZOLA; ; ; ; ; ; ; ;2;TVA 10%;2;TVA 10%;66;32;MODIF PIZZA^^^^; ;; ;;
3305;CHEVRE;3305;CHEVRE; ; ; ; ; ; ; ;2;TVA 10%;2;TVA 10%;66;32;MODIF PIZZA^^^^; ;; ;;
3306;PARMESAN;12470;PARMESAN///; ; ; ; ; ; ; ;2;TVA 10%;2;TVA 10%;66;32;MODIF PIZZA^^^^; ;; ;;
3307;MOZZARELLA;3307;MOZZARELLA; ; ; ; ; ; ; ;2;TVA 10%;2;TVA 10%;66;32;MODIF PIZZA^^^^; ;; ;;
3308;SAUMON;3308;SAUMON; ; ; ; ; ; ; ;2;TVA 10%;2;TVA 10%;66;32;MODIF PIZZA^^^^; ;; ;;
3309;ANCHOIS;3309;ANCHOIS; ; ; ; ; ; ; ;2;TVA 10%;2;TVA 10%;66;32;MODIF PIZZA^^^^; ;; ;;
3310;THON;3310;CAR; ; ; ; ; ; ; ;2;TVA 10%;2;TVA 10%;66;32;MODIF PIZZA^^^^; ;; ;;
3311;FRUITS DE MER;12321;FRUITS DE MER; ; ; ; ; ; ; ;2;TVA 10%;2;TVA 10%;66;32;MODIF PIZZA^^^^; ;; ;;
3314;COUPEE;3314;COUPEE; ; ; ; ; ; ; ;2;TVA 10%;2;TVA 10%;66;32;MODIF PIZZA^^^^; ;; ;;
3522;1 COUPE;12089;1 COUPE; ; ; ; ; ; ; ;2;TVA 10%;2;TVA 10%;66;35;NOMBRE DE COUPES; ;; ;;
3523;2 COUPES;12098;2 COUPES; ; ; ; ; ; ; ;2;TVA 10%;2;TVA 10%;66;35;NOMBRE DE COUPES; ;; ;;
3524;3 COUPES;12100;3 COUPES; ; ; ; ; ; ; ;2;TVA 10%;2;TVA 10%;66;35;NOMBRE DE COUPES; ;; ;;
3525;4 COUPES;12102;4 COUPES; ; ; ; ; ; ; ;2;TVA 10%;2;TVA 10%;66;35;NOMBRE DE COUPES; ;; ;;
3526;5 COUPES;12104;5 COUPES; ; ; ; ; ; ; ;2;TVA 10%;2;TVA 10%;66;35;NOMBRE DE COUPES; ;; ;;
3527;6 COUPES;12106;6 COUPES; ; ; ; ; ; ; ;2;TVA 10%;2;TVA 10%;66;35;NOMBRE DE COUPES; ;; ;;
3528;7 COUPES;12109;7 COUPES; ; ; ; ; ; ; ;2;TVA 10%;2;TVA 10%;66;35;NOMBRE DE COUPES; ;; ;;
3529;8 COUPES;12111;8 COUPES; ; ; ; ; ; ; ;2;TVA 10%;2;TVA 10%;66;35;NOMBRE DE COUPES; ;; ;;
3530;9 COUPES;12113;9 COUPES; ; ; ; ; ; ; ;2;TVA 10%;2;TVA 10%;66;35;NOMBRE DE COUPES; ;; ;;
3531;10 COUPES;12092;10 COUPES; ; ; ; ; ; ; ;2;TVA 10%;2;TVA 10%;66;35;NOMBRE DE COUPES; ;; ;;
3532;11 COUPES;12094;11 COUPES; ; ; ; ; ; ; ;2;TVA 10%;2;TVA 10%;66;35;NOMBRE DE COUPES; ;; ;;
3533;12 COUPES;12096;12 COUPES; ; ; ; ; ; ; ;2;TVA 10%;2;TVA 10%;66;35;NOMBRE DE COUPES; ;; ;;
3552;1 VERRE;12091;1 VERRE; ; ; ; ; ; ; ;2;TVA 10%;2;TVA 10%;66;36;NOMBRE DE VERRES; ;; ;;
3553;2 VERRES;12099;2 VERRES; ; ; ; ; ; ; ;2;TVA 10%;2;TVA 10%;66;36;NOMBRE DE VERRES; ;; ;;
3554;3 VERRES;12101;3 VERRES; ; ; ; ; ; ; ;2;TVA 10%;2;TVA 10%;66;36;NOMBRE DE VERRES; ;; ;;
3555;4 VERRES;12103;4 VERRES; ; ; ; ; ; ; ;2;TVA 10%;2;TVA 10%;66;36;NOMBRE DE VERRES; ;; ;;
3556;5 VERRES;12105;5 VERRES; ; ; ; ; ; ; ;2;TVA 10%;2;TVA 10%;66;36;NOMBRE DE VERRES; ;; ;;
3557;6 VERRES;12107;6 VERRES; ; ; ; ; ; ; ;2;TVA 10%;2;TVA 10%;66;36;NOMBRE DE VERRES; ;; ;;
3558;7 VERRES;12110;7 VERRES; ; ; ; ; ; ; ;2;TVA 10%;2;TVA 10%;66;36;NOMBRE DE VERRES; ;; ;;
3559;8 VERRES;12112;8 VERRES; ; ; ; ; ; ; ;2;TVA 10%;2;TVA 10%;66;36;NOMBRE DE VERRES; ;; ;;
3560;9 VERRES;12114;9 VERRES; ; ; ; ; ; ; ;2;TVA 10%;2;TVA 10%;66;36;NOMBRE DE VERRES; ;; ;;
3561;10 VERRES;12093;10 VERRES; ; ; ; ; ; ; ;2;TVA 10%;2;TVA 10%;66;36;NOMBRE DE VERRES; ;; ;;
3562;11 VERRES;12095;11 VERRES; ; ; ; ; ; ; ;2;TVA 10%;2;TVA 10%;66;36;NOMBRE DE VERRES; ;; ;;
3563;12 VERRES;12097;12 VERRES; ; ; ; ; ; ; ;2;TVA 10%;2;TVA 10%;66;36;NOMBRE DE VERRES; ;; ;;
3801;B. VANILLE;12174;B. VANILLE;7; ; ; ; ; ; ;2;TVA 10%;2;TVA 10%;66;44;PARFUMS GLACE -->; ;; ;;
3802;B. CHOCOLAT;12168;B. CHOCOLAT;7; ; ; ; ; ; ;2;TVA 10%;2;TVA 10%;66;44;PARFUMS GLACE -->; ;; ;;
3803;B. MOKA;12171;B. MOKA;7; ; ; ; ; ; ;2;TVA 10%;2;TVA 10%;66;44;PARFUMS GLACE -->; ;; ;;
3804;B. PISTACHE;12173;B. PISTACHE;7; ; ; ; ; ; ;2;TVA 10%;2;TVA 10%;66;44;PARFUMS GLACE -->; ;; ;;
3807;B. CITRON;12169;B. CITRON;7; ; ; ; ; ; ;2;TVA 10%;2;TVA 10%;66;44;PARFUMS GLACE -->; ;; ;;
3809;B. FRAISE;12170;B. FRAISE;7; ; ; ; ; ; ;2;TVA 10%;2;TVA 10%;66;44;PARFUMS GLACE -->; ;; ;;
3812;B. PECHE;12172;B. PECHE;7; ; ; ; ; ; ;2;TVA 10%;2;TVA 10%;66;44;PARFUMS GLACE -->; ;; ;;
3731;NATURE;12454;NATURE; ; ; ;7;AUTRES CUISINE; ; ;2;TVA 10%;2;TVA 10%;96;41;SAUCE ^^^^^; ;; ;;
3732;SAUCE POIVRE;3732;SAUCE POIVRE; ; ; ;7;AUTRES CUISINE; ; ;2;TVA 10%;2;TVA 10%;96;41;SAUCE ^^^^^; ;; ;;
3733;SAUCE CEPES;3733;SAUCE CEPES; ; ; ;7;AUTRES CUISINE; ; ;2;TVA 10%;2;TVA 10%;96;41;SAUCE ^^^^^; ;; ;;
3734;SAUCE BEARNAISE;3734;SAUCE BEARNAISE; ; ; ;7;AUTRES CUISINE; ; ;2;TVA 10%;2;TVA 10%;96;41;SAUCE ^^^^^; ;; ;;
3736;HERBES;12507;HERBES; ; ; ;7;AUTRES CUISINE; ; ;2;TVA 10%;2;TVA 10%;96;41;SAUCE ^^^^^; ;; ;;
3737;CITRON;12535;CITRON; ; ; ;7;AUTRES CUISINE; ; ;2;TVA 10%;2;TVA 10%;96;41;SAUCE ^^^^^; ;; ;;
3738;SAUGE;12184;SAUGE; ; ; ;7;AUTRES CUISINE; ; ;2;TVA 10%;2;TVA 10%;96;41;SAUCE ^^^^^; ;; ;;
3742;SAUCE POIVRE;3732;SAUCE POIVRE; ; ; ;7;AUTRES CUISINE; ; ;2;TVA 10%;2;TVA 10%;96;42;SAUCE GARNITURE ^^^^;37;CHANT GARNITURE ^^^^; ;;
3743;SAUCE ROQUEFORT;3733;SAUCE CEPES; ; ; ;7;AUTRES CUISINE; ; ;2;TVA 10%;2;TVA 10%;96;42;SAUCE GARNITURE ^^^^;37;CHANT GARNITURE ^^^^; ;;
3744;SAUCE BEARNAISE;3734;SAUCE BEARNAISE; ; ; ;7;AUTRES CUISINE; ; ;2;TVA 10%;2;TVA 10%;96;42;SAUCE GARNITURE ^^^^;37;CHANT GARNITURE ^^^^; ;;
3745;SAUCE ECHALOTES;3735;SAUCE ECHALOTES; ; ; ;7;AUTRES CUISINE; ; ;2;TVA 10%;2;TVA 10%;96;42;SAUCE GARNITURE ^^^^;37;CHANT GARNITURE ^^^^; ;;
3752;SUPP FRITES;12602;SUPP FRITES; ; ; ;7;AUTRES CUISINE; ; ;2;TVA 10%;2;TVA 10%;96;43;SUPP GARNITURE ^^^^; ;; ;;
3753;SUPP SALADE;12609;SUPP SALADE; ; ; ;7;AUTRES CUISINE; ; ;2;TVA 10%;2;TVA 10%;96;43;SUPP GARNITURE ^^^^; ;; ;;
3754;SUPP PUREE;12607;SUPP PUREE; ; ; ;7;AUTRES CUISINE; ; ;2;TVA 10%;2;TVA 10%;96;43;SUPP GARNITURE ^^^^; ;; ;;
3755;SUPP RIZ;12608;SUPP RIZ; ; ; ;7;AUTRES CUISINE; ; ;2;TVA 10%;2;TVA 10%;96;43;SUPP GARNITURE ^^^^; ;; ;;
3756;SUPP PATES;12606;SUPP PATES; ; ; ;7;AUTRES CUISINE; ; ;2;TVA 10%;2;TVA 10%;96;43;SUPP GARNITURE ^^^^; ;; ;;
3757;SUPP LEGUMES VERTS;12605;SUPP LEGUMES VERTS; ; ; ;7;AUTRES CUISINE; ; ;2;TVA 10%;2;TVA 10%;96;43;SUPP GARNITURE ^^^^; ;; ;;
3758;SUPP LEGUME JOUR;12604;SUPP LEGUME JOUR; ; ; ;7;AUTRES CUISINE; ; ;2;TVA 10%;2;TVA 10%;96;43;SUPP GARNITURE ^^^^; ;; ;;
3298;VIANDE HACHEE;12661;VIANDE HACHEE; ; ; ; ; ; ; ;2;TVA 10%;2;TVA 10%;66;53;DIVERSE; ;; ;;
3299;MERGUEZ;12435;MERGUEZ; ; ; ; ; ; ; ;2;TVA 10%;2;TVA 10%;66;53;DIVERSE; ;; ;;
3300;POULET;12514;POULET; ; ; ; ; ; ; ;2;TVA 10%;2;TVA 10%;66;53;DIVERSE; ;; ;;
3301;JAMBON DE PAYS;3301;JAMBON DE PAYS; ; ; ; ; ; ; ;2;TVA 10%;2;TVA 10%;66;53;DIVERSE; ;; ;;
3303;CHORIZO;12244;CHORIZO; ; ; ; ; ; ; ;2;TVA 10%;2;TVA 10%;66;53;DIVERSE; ;; ;;
3312;CREVETTES;3312;Crevettes 10/15; ; ; ; ; ; ; ;3;TVA 5,5%;2;TVA 10%;66;53;DIVERSE; ;; ;;
3313;OEUF;3313;OEUF; ; ; ; ; ; ; ;2;TVA 10%;2;TVA 10%;66;53;DIVERSE; ;; ;;
3412;EMMENTAL;12301;EMMENTAL; ; ; ; ; ; ; ;2;TVA 10%;2;TVA 10%;66;53;DIVERSE; ;; ;;
3414;BLEU;12196;BLEU; ; ; ; ; ; ; ;2;TVA 10%;2;TVA 10%;66;53;DIVERSE; ;; ;;
3415;GESIERS;12328;GESIERS; ; ; ; ; ; ; ;2;TVA 10%;2;TVA 10%;66;53;DIVERSE; ;; ;;
3421;HARICOTS VERTS;12351;HARICOTS VERTS; ; ; ; ; ; ; ;2;TVA 10%;2;TVA 10%;66;53;DIVERSE; ;; ;;
3422;HARENG;12350;HARENG; ; ; ; ; ; ; ;2;TVA 10%;2;TVA 10%;66;53;DIVERSE; ;; ;;
3424;COEURS DE PALMIER;12254;COEURS DE PALMIER; ; ; ; ; ; ; ;2;TVA 10%;2;TVA 10%;66;53;DIVERSE; ;; ;;
3425;CAROTTE;12221;CAROTTE; ; ; ; ; ; ; ;2;TVA 10%;2;TVA 10%;66;53;DIVERSE; ;; ;;
3426;BETTERAVE;12183;BETTERAVE; ; ; ; ; ; ; ;2;TVA 10%;2;TVA 10%;66;53;DIVERSE; ;; ;;
3427;CROUTONS;12275;CROUTONS; ; ; ; ; ; ; ;2;TVA 10%;2;TVA 10%;66;53;DIVERSE; ;; ;;
3429;SURIMI;12611;SURIMI; ; ; ; ; ; ; ;2;TVA 10%;2;TVA 10%;66;53;DIVERSE; ;; ;;
3431;ANDOUILLE;12137;ANDOUILLE; ; ; ; ; ; ; ;2;TVA 10%;2;TVA 10%;66;53;DIVERSE; ;; ;;
3432;SAUCISSE FUMEE;12578;SAUCISSE FUMEE; ; ; ; ; ; ; ;2;TVA 10%;2;TVA 10%;66;53;DIVERSE; ;; ;;
3433;CAMEMBERT;12215;CAMEMBERT; ; ; ; ; ; ; ;2;TVA 10%;2;TVA 10%;66;53;DIVERSE; ;; ;;
3440;SOJA;12589;SOJA; ; ; ; ; ; ; ;2;TVA 10%;2;TVA 10%;66;53;DIVERSE; ;; ;;
3442;GINGEMBRE;12334;GINGEMBRE; ; ; ; ; ; ; ;2;TVA 10%;2;TVA 10%;66;53;DIVERSE; ;; ;;
